season_order_index,season_short_name,season_id,episode_order_index,episode_id,episode_index,episode_name,episode_short_name,episode_onair_at,episode_url
0,pre,24442,0,24441,1,相棒 pre season 相棒～警視庁ふたりだけの特命係,相棒～警視庁ふたりだけの特命係,2000-06-03T00:00:00+09:00,https://douga.tv-asahi.co.jp/program/16839-24442/24441
0,pre,24442,1,24443,2,相棒 pre season 相棒2～警視庁ふたりだけの特命係～,相棒2～警視庁ふたりだけの特命係～,2001-01-27T00:00:00+09:00,https://douga.tv-asahi.co.jp/program/16839-24442/24443
0,pre,24442,2,24444,3,相棒 pre season 相棒3　警視庁ふたりだけの特命係～大学病院助教授墜落殺人事件！,相棒3　警視庁ふたりだけの特命係～大学病院助教授墜落殺人事件！,2001-11-10T00:00:00+09:00,https://douga.tv-asahi.co.jp/program/16839-24442/24444
1,1,23499,0,23498,1,相棒 season1 第1話「警視総監室にダイナマイト男が乱入！刑事が人質に！？犯罪の影に女あり…」,警視総監室にダイナマイト男が乱入！刑事が人質に！？犯罪の影に女あり…,2002-10-09T00:00:00+09:00,https://douga.tv-asahi.co.jp/program/16839-23499/23498
1,1,23499,1,23500,2,相棒 season1 第2話「教授夫人とその愛人」,教授夫人とその愛人,2002-10-16T00:00:00+09:00,https://douga.tv-asahi.co.jp/program/16839-23499/23500
1,1,23499,2,23501,3,相棒 season1 第3話「秘密の元アイドル妻」,秘密の元アイドル妻,2002-10-23T00:00:00+09:00,https://douga.tv-asahi.co.jp/program/16839-23499/23501
1,1,23499,3,23502,4,相棒 season1 第4話「下着泥棒と生きていた死体」,下着泥棒と生きていた死体,2002-10-30T00:00:00+09:00,https://douga.tv-asahi.co.jp/program/16839-23499/23502
1,1,23499,4,23503,5,相棒 season1 第5話「目撃者」,目撃者,2002-11-06T00:00:00+09:00,https://douga.tv-asahi.co.jp/program/16839-23499/23503
1,1,23499,5,23504,6,相棒 season1 第6話「死んだ詐欺師と女美術館長の指紋」,死んだ詐欺師と女美術館長の指紋,2002-11-13T00:00:00+09:00,https://douga.tv-asahi.co.jp/program/16839-23499/23504
1,1,23499,6,23505,7,相棒 season1 第7話「殺しのカクテル」,殺しのカクテル,2002-11-20T00:00:00+09:00,https://douga.tv-asahi.co.jp/program/16839-23499/23505
1,1,23499,7,23506,8,相棒 season1 第8話「仮面の告白」,仮面の告白,2002-11-27T00:00:00+09:00,https://douga.tv-asahi.co.jp/program/16839-23499/23506
1,1,23499,8,23507,9,相棒 season1 第9話「人間消失」,人間消失,2002-12-04T00:00:00+09:00,https://douga.tv-asahi.co.jp/program/16839-23499/23507
1,1,23499,9,23508,10,相棒 season1 第10話「最後の灯り」,最後の灯り,2002-12-11T00:00:00+09:00,https://douga.tv-asahi.co.jp/program/16839-23499/23508
1,1,23499,10,23509,11,相棒 season1 第11話「右京撃たれる　特命係15年目の真実」,右京撃たれる　特命係15年目の真実,2002-12-18T00:00:00+09:00,https://douga.tv-asahi.co.jp/program/16839-23499/23509
1,1,23499,11,23510,12,相棒 season1 最終回「特命係、最後の事件」,特命係、最後の事件,2002-12-25T00:00:00+09:00,https://douga.tv-asahi.co.jp/program/16839-23499/23510
2,2,24104,0,24103,1,相棒 season2 第1話「ロンドンからの帰還 ベラドンナの赤い罠」,ロンドンからの帰還 ベラドンナの赤い罠,2003-10-08T00:00:00+09:00,https://douga.tv-asahi.co.jp/program/16839-24104/24103
2,2,24104,1,24105,2,相棒 season2 第2話「特命係復活」,特命係復活,2003-10-15T00:00:00+09:00,https://douga.tv-asahi.co.jp/program/16839-24104/24105
2,2,24104,2,24106,3,相棒 season2 第3話「殺人晩餐会」,殺人晩餐会,2003-10-29T00:00:00+09:00,https://douga.tv-asahi.co.jp/program/16839-24104/24106
2,2,24104,3,24107,4,相棒 season2 第4話「消える銃弾」,消える銃弾,2003-11-05T00:00:00+09:00,https://douga.tv-asahi.co.jp/program/16839-24104/24107
2,2,24104,4,24108,5,相棒 season2 第5話「蜘蛛女の恋」,蜘蛛女の恋,2003-11-12T00:00:00+09:00,https://douga.tv-asahi.co.jp/program/16839-24104/24108
2,2,24104,5,24109,6,相棒 season2 第6話「殺してくれとアイツは言った」,殺してくれとアイツは言った,2003-11-19T00:00:00+09:00,https://douga.tv-asahi.co.jp/program/16839-24104/24109
2,2,24104,6,24110,7,相棒 season2 第7話「消えた死体」,消えた死体,2003-11-26T00:00:00+09:00,https://douga.tv-asahi.co.jp/program/16839-24104/24110
2,2,24104,7,24111,8,相棒 season2 第8話「命の値段」,命の値段,2003-12-03T00:00:00+09:00,https://douga.tv-asahi.co.jp/program/16839-24104/24111
2,2,24104,8,24112,9,相棒 season2 第9話「少年と金貨」,少年と金貨,2003-12-10T00:00:00+09:00,https://douga.tv-asahi.co.jp/program/16839-24104/24112
2,2,24104,9,24113,10,相棒 season2 第10話「殺意あり」,殺意あり,2003-12-17T00:00:00+09:00,https://douga.tv-asahi.co.jp/program/16839-24104/24113
2,2,24104,10,24114,11,相棒 season2 第11話「秘書がやりました」,秘書がやりました,2004-01-07T00:00:00+09:00,https://douga.tv-asahi.co.jp/program/16839-24104/24114
2,2,24104,11,24115,12,相棒 season2 第12話「クイズ王」,クイズ王,2004-01-14T00:00:00+09:00,https://douga.tv-asahi.co.jp/program/16839-24104/24115
2,2,24104,12,24116,13,相棒 season2 第13話「神隠し」,神隠し,2004-01-21T00:00:00+09:00,https://douga.tv-asahi.co.jp/program/16839-24104/24116
2,2,24104,13,24117,14,相棒 season2 第14話「氷女」,氷女,2004-01-28T00:00:00+09:00,https://douga.tv-asahi.co.jp/program/16839-24104/24117
2,2,24104,14,24118,15,相棒 season2 第15話「雪原の殺意」,雪原の殺意,2004-02-04T00:00:00+09:00,https://douga.tv-asahi.co.jp/program/16839-24104/24118
2,2,24104,15,24119,16,相棒 season2 第16話「白い罠」,白い罠,2004-02-11T00:00:00+09:00,https://douga.tv-asahi.co.jp/program/16839-24104/24119
2,2,24104,16,24120,17,相棒 season2 第17話「同時多発誘拐 消えた16人の子供達」,同時多発誘拐 消えた16人の子供達,2004-02-18T00:00:00+09:00,https://douga.tv-asahi.co.jp/program/16839-24104/24120
2,2,24104,17,24121,18,相棒 season2 第18話「ピルイーター」,ピルイーター,2004-02-25T00:00:00+09:00,https://douga.tv-asahi.co.jp/program/16839-24104/24121
2,2,24104,18,24122,19,相棒 season2 第19話「器物誘拐」,器物誘拐,2004-03-03T00:00:00+09:00,https://douga.tv-asahi.co.jp/program/16839-24104/24122
2,2,24104,19,24123,20,相棒 season2 第20話「ニ分の一の殺意」,ニ分の一の殺意,2004-03-10T00:00:00+09:00,https://douga.tv-asahi.co.jp/program/16839-24104/24123
2,2,24104,20,24124,21,相棒 season2 第21話「私刑」,私刑,2004-03-10T00:00:00+09:00,https://douga.tv-asahi.co.jp/program/16839-24104/24124
3,3,24126,0,24125,1,相棒 season3 第1話「双頭の悪魔」,双頭の悪魔,2004-10-13T00:00:00+09:00,https://douga.tv-asahi.co.jp/program/16839-24126/24125
3,3,24126,1,24127,2,相棒 season3 第2話「双頭の悪魔II～堕天使」,双頭の悪魔II～堕天使,2004-10-20T00:00:00+09:00,https://douga.tv-asahi.co.jp/program/16839-24126/24127
3,3,24126,2,24128,3,相棒 season3 第3話「双頭の悪魔III～悪徳の連鎖」,双頭の悪魔III～悪徳の連鎖,2004-10-27T00:00:00+09:00,https://douga.tv-asahi.co.jp/program/16839-24126/24128
3,3,24126,3,24129,4,相棒 season3 第4話「女優～前編～｣,女優～前編～,2004-11-10T00:00:00+09:00,https://douga.tv-asahi.co.jp/program/16839-24126/24129
3,3,24126,4,24130,5,相棒 season3 第5話「女優～後編～」,女優～後編～,2004-11-24T00:00:00+09:00,https://douga.tv-asahi.co.jp/program/16839-24126/24130
3,3,24126,5,24131,6,相棒 season3 第6話「第三の男」,第三の男,2004-12-01T00:00:00+09:00,https://douga.tv-asahi.co.jp/program/16839-24126/24131
3,3,24126,6,24132,7,相棒 season3 第7話「誘拐協奏曲」,誘拐協奏曲,2004-12-15T00:00:00+09:00,https://douga.tv-asahi.co.jp/program/16839-24126/24132
3,3,24126,7,24133,8,相棒 season3 第8話「潜入捜査」,潜入捜査,2005-01-05T00:00:00+09:00,https://douga.tv-asahi.co.jp/program/16839-24126/24133
3,3,24126,8,24134,9,相棒 season3 第9話「ゴースト」,ゴースト,2005-01-12T00:00:00+09:00,https://douga.tv-asahi.co.jp/program/16839-24126/24134
3,3,24126,9,24143,10,相棒 season3 第10話「ありふれた殺人」,ありふれた殺人,2005-01-19T00:00:00+09:00,https://douga.tv-asahi.co.jp/program/16839-24126/24143
3,3,24126,10,24135,11,相棒 season3 第11話「予告殺人」,予告殺人,2005-01-26T00:00:00+09:00,https://douga.tv-asahi.co.jp/program/16839-24126/24135
3,3,24126,11,24136,12,相棒 season3 第12話「警官殺し」,警官殺し,2005-02-02T00:00:00+09:00,https://douga.tv-asahi.co.jp/program/16839-24126/24136
3,3,24126,12,24137,13,相棒 season3 第13話「薔薇と口紅」,薔薇と口紅,2005-02-16T00:00:00+09:00,https://douga.tv-asahi.co.jp/program/16839-24126/24137
3,3,24126,13,24138,14,相棒 season3 第14話「殺しのピアノ」,殺しのピアノ,2005-02-23T00:00:00+09:00,https://douga.tv-asahi.co.jp/program/16839-24126/24138
3,3,24126,14,24139,15,相棒 season3 第15話「人間爆弾」,人間爆弾,2005-03-02T00:00:00+09:00,https://douga.tv-asahi.co.jp/program/16839-24126/24139
3,3,24126,15,24140,16,相棒 season3 第16話「書き直す女」,書き直す女,2005-03-09T00:00:00+09:00,https://douga.tv-asahi.co.jp/program/16839-24126/24140
3,3,24126,16,24141,17,相棒 season3 第17話「大統領の陰謀」,大統領の陰謀,2005-03-16T00:00:00+09:00,https://douga.tv-asahi.co.jp/program/16839-24126/24141
3,3,24126,17,24142,18,相棒 season3 第18話「異形の寺」,異形の寺,2005-03-23T00:00:00+09:00,https://douga.tv-asahi.co.jp/program/16839-24126/24142
4,4,24145,0,24144,1,相棒 season4 第1話「閣下の城」,閣下の城,2005-10-12T00:00:00+09:00,https://douga.tv-asahi.co.jp/program/16839-24145/24144
4,4,24145,1,24146,2,相棒 season4 第2話「殺人講義」,殺人講義,2005-10-19T00:00:00+09:00,https://douga.tv-asahi.co.jp/program/16839-24145/24146
4,4,24145,2,24147,3,相棒 season4 第3話「黒衣の花嫁」,黒衣の花嫁,2005-10-26T00:00:00+09:00,https://douga.tv-asahi.co.jp/program/16839-24145/24147
4,4,24145,3,24148,4,相棒 season4 第4話「密やかな連続殺人」,密やかな連続殺人,2005-11-02T00:00:00+09:00,https://douga.tv-asahi.co.jp/program/16839-24145/24148
4,4,24145,4,24149,5,相棒 season4 第5話「悪魔の囁き」,悪魔の囁き,2005-11-09T00:00:00+09:00,https://douga.tv-asahi.co.jp/program/16839-24145/24149
4,4,24145,5,24150,6,相棒 season4 第6話「殺人ヒーター」,殺人ヒーター,2005-11-16T00:00:00+09:00,https://douga.tv-asahi.co.jp/program/16839-24145/24150
4,4,24145,6,24151,7,相棒 season4 第7話「波紋」,波紋,2005-11-23T00:00:00+09:00,https://douga.tv-asahi.co.jp/program/16839-24145/24151
4,4,24145,7,24152,8,相棒 season4 第8話「監禁」,監禁,2005-11-30T00:00:00+09:00,https://douga.tv-asahi.co.jp/program/16839-24145/24152
4,4,24145,8,24153,9,相棒 season4 第9話「冤罪」,冤罪,2005-12-07T00:00:00+09:00,https://douga.tv-asahi.co.jp/program/16839-24145/24153
4,4,24145,9,24164,10,相棒 season4 第10話「殺人生中継」,殺人生中継,2005-12-14T00:00:00+09:00,https://douga.tv-asahi.co.jp/program/16839-24145/24164
4,4,24145,10,24165,11,相棒 season4 第11話「汚れある悪戯」,汚れある悪戯,2006-01-01T00:00:00+09:00,https://douga.tv-asahi.co.jp/program/16839-24145/24165
4,4,24145,11,24154,12,相棒 season4 第12話「緑の殺意」,緑の殺意,2006-01-11T00:00:00+09:00,https://douga.tv-asahi.co.jp/program/16839-24145/24154
4,4,24145,12,24155,13,相棒 season4 第13話「最後の着信」,最後の着信,2006-01-18T00:00:00+09:00,https://douga.tv-asahi.co.jp/program/16839-24145/24155
4,4,24145,13,24156,14,相棒 season4 第14話「アゲハ蝶」,アゲハ蝶,2006-01-25T00:00:00+09:00,https://douga.tv-asahi.co.jp/program/16839-24145/24156
4,4,24145,14,24157,15,相棒 season4 第15話「殺人セレブ」,殺人セレブ,2006-02-01T00:00:00+09:00,https://douga.tv-asahi.co.jp/program/16839-24145/24157
4,4,24145,15,24158,16,相棒 season4 第16話「天才の系譜」,天才の系譜,2006-02-08T00:00:00+09:00,https://douga.tv-asahi.co.jp/program/16839-24145/24158
4,4,24145,16,24159,17,相棒 season4 第17話「告発の行方」,告発の行方,2006-02-15T00:00:00+09:00,https://douga.tv-asahi.co.jp/program/16839-24145/24159
4,4,24145,17,24160,18,相棒 season4 第18話「節約殺人」,節約殺人,2006-02-22T00:00:00+09:00,https://douga.tv-asahi.co.jp/program/16839-24145/24160
4,4,24145,18,24161,19,相棒 season4 第19話「ついてない女」,ついてない女,2006-03-01T00:00:00+09:00,https://douga.tv-asahi.co.jp/program/16839-24145/24161
4,4,24145,19,24162,20,相棒 season4 第20話「7人の容疑者」,7人の容疑者,2006-03-08T00:00:00+09:00,https://douga.tv-asahi.co.jp/program/16839-24145/24162
4,4,24145,20,24163,21,相棒 season4 第21話「桜田門内の変」,桜田門内の変,2006-03-15T00:00:00+09:00,https://douga.tv-asahi.co.jp/program/16839-24145/24163
5,5,24167,0,24166,1,相棒 season5 第1話「杉下右京 最初の事件」,杉下右京 最初の事件,2006-10-11T00:00:00+09:00,https://douga.tv-asahi.co.jp/program/16839-24167/24166
5,5,24167,1,24168,2,相棒 season5 第2話「スウィートホーム」,スウィートホーム,2006-10-18T00:00:00+09:00,https://douga.tv-asahi.co.jp/program/16839-24167/24168
5,5,24167,2,24169,3,相棒 season5 第3話「犯人はスズキ」,犯人はスズキ,2006-10-25T00:00:00+09:00,https://douga.tv-asahi.co.jp/program/16839-24167/24169
5,5,24167,3,24170,4,相棒 season5 第4話「せんみつ」,せんみつ,2006-11-01T00:00:00+09:00,https://douga.tv-asahi.co.jp/program/16839-24167/24170
5,5,24167,4,24171,5,相棒 season5 第5話「悪魔への復讐殺人」,悪魔への復讐殺人,2006-11-08T00:00:00+09:00,https://douga.tv-asahi.co.jp/program/16839-24167/24171
5,5,24167,5,24172,6,相棒 season5 第6話「ツキナシ」,ツキナシ,2006-11-15T00:00:00+09:00,https://douga.tv-asahi.co.jp/program/16839-24167/24172
5,5,24167,6,24173,7,相棒 season5 第7話「剣聖」,剣聖,2006-11-22T00:00:00+09:00,https://douga.tv-asahi.co.jp/program/16839-24167/24173
5,5,24167,7,24174,8,相棒 season5 第8話「赤いリボンと刑事」,赤いリボンと刑事,2006-11-29T00:00:00+09:00,https://douga.tv-asahi.co.jp/program/16839-24167/24174
5,5,24167,8,24175,9,相棒 season5 第9話「殺人ワインセラー」,殺人ワインセラー,2006-12-06T00:00:00+09:00,https://douga.tv-asahi.co.jp/program/16839-24167/24175
5,5,24167,9,24186,10,相棒 season5 第10話「名探偵登場」,名探偵登場,2006-12-13T00:00:00+09:00,https://douga.tv-asahi.co.jp/program/16839-24167/24186
5,5,24167,10,24176,11,相棒 season5 第11話「バベルの塔～史上最悪のカウントダウン！爆破予告ホテルの罠」,バベルの塔～史上最悪のカウントダウン！爆破予告ホテルの罠,2007-01-01T00:00:00+09:00,https://douga.tv-asahi.co.jp/program/16839-24167/24176
5,5,24167,11,24177,12,相棒 season5 第12話「狼の行方」,狼の行方,2007-01-10T00:00:00+09:00,https://douga.tv-asahi.co.jp/program/16839-24167/24177
5,5,24167,12,24178,13,相棒 season5 第13話「Wの悲喜劇」,Wの悲喜劇,2007-01-17T00:00:00+09:00,https://douga.tv-asahi.co.jp/program/16839-24167/24178
5,5,24167,13,24179,14,相棒 season5 第14話「貢ぐ女」,貢ぐ女,2007-01-24T00:00:00+09:00,https://douga.tv-asahi.co.jp/program/16839-24167/24179
5,5,24167,14,24180,15,相棒 season5 第15話「裏切者」,裏切者,2007-01-31T00:00:00+09:00,https://douga.tv-asahi.co.jp/program/16839-24167/24180
5,5,24167,15,24181,16,相棒 season5 第16話「イエスタデイ」,イエスタデイ,2007-02-07T00:00:00+09:00,https://douga.tv-asahi.co.jp/program/16839-24167/24181
5,5,24167,16,24182,17,相棒 season5 第17話「女王の宮殿」,女王の宮殿,2007-02-14T00:00:00+09:00,https://douga.tv-asahi.co.jp/program/16839-24167/24182
5,5,24167,17,24183,18,相棒 season5 第18話「殺人の資格」,殺人の資格,2007-02-28T00:00:00+09:00,https://douga.tv-asahi.co.jp/program/16839-24167/24183
5,5,24167,18,24184,19,相棒 season5 第19話「殺人シネマ」,殺人シネマ,2007-03-07T00:00:00+09:00,https://douga.tv-asahi.co.jp/program/16839-24167/24184
5,5,24167,19,24185,20,相棒 season5 第20話「サザンカの咲く頃」,サザンカの咲く頃,2007-03-14T00:00:00+09:00,https://douga.tv-asahi.co.jp/program/16839-24167/24185
6,6,24193,0,24192,1,相棒 season6 第1話「複眼の法廷」,複眼の法廷,2007-10-24T00:00:00+09:00,https://douga.tv-asahi.co.jp/program/16839-24193/24192
6,6,24193,1,24194,2,相棒 season6 第2話「陣川警部補の災難」,陣川警部補の災難,2007-10-31T00:00:00+09:00,https://douga.tv-asahi.co.jp/program/16839-24193/24194
6,6,24193,2,24195,3,相棒 season6 第3話「蟷螂たちの幸福」,蟷螂たちの幸福,2007-11-07T00:00:00+09:00,https://douga.tv-asahi.co.jp/program/16839-24193/24195
6,6,24193,3,24196,4,相棒 season6 第4話「TAXI」,TAXI,2007-11-14T00:00:00+09:00,https://douga.tv-asahi.co.jp/program/16839-24193/24196
6,6,24193,4,24197,5,相棒 season6 第5話「裸婦は語る」,裸婦は語る,2007-11-21T00:00:00+09:00,https://douga.tv-asahi.co.jp/program/16839-24193/24197
6,6,24193,5,24198,6,相棒 season6 第6話「この胸の高鳴りを」,この胸の高鳴りを,2007-11-28T00:00:00+09:00,https://douga.tv-asahi.co.jp/program/16839-24193/24198
6,6,24193,6,24199,7,相棒 season6 第7話「空中の楼閣」,空中の楼閣,2007-12-05T00:00:00+09:00,https://douga.tv-asahi.co.jp/program/16839-24193/24199
6,6,24193,7,24200,8,相棒 season6 第8話「正義の翼」,正義の翼,2007-12-12T00:00:00+09:00,https://douga.tv-asahi.co.jp/program/16839-24193/24200
6,6,24193,8,24201,9,相棒 season6 第9話「編集された殺人」,編集された殺人,2007-12-19T00:00:00+09:00,https://douga.tv-asahi.co.jp/program/16839-24193/24201
6,6,24193,9,24211,10,相棒 season6 第10話「寝台特急カシオペア殺人事件！上野～札幌1200kmを走る豪華密室！犯人はこの中にいる!!」,寝台特急カシオペア殺人事件！上野～札幌1200kmを走る豪華密室！犯人はこの中にいる!!,2008-01-01T00:00:00+09:00,https://douga.tv-asahi.co.jp/program/16839-24193/24211
6,6,24193,10,24202,11,相棒 season6 第11話「ついている女」,ついている女,2008-01-16T00:00:00+09:00,https://douga.tv-asahi.co.jp/program/16839-24193/24202
6,6,24193,11,24203,12,相棒 season6 第12話「狙われた女」,狙われた女,2008-01-23T00:00:00+09:00,https://douga.tv-asahi.co.jp/program/16839-24193/24203
6,6,24193,12,24204,13,相棒 season6 第13話「マリリンを探せ」,マリリンを探せ,2008-01-30T00:00:00+09:00,https://douga.tv-asahi.co.jp/program/16839-24193/24204
6,6,24193,13,24205,14,相棒 season6 第14話「琥珀色の殺人」,琥珀色の殺人,2008-02-06T00:00:00+09:00,https://douga.tv-asahi.co.jp/program/16839-24193/24205
6,6,24193,14,24206,15,相棒 season6 第15話「20世紀からの復讐」,20世紀からの復讐,2008-02-13T00:00:00+09:00,https://douga.tv-asahi.co.jp/program/16839-24193/24206
6,6,24193,15,24207,16,相棒 season6 第16話「悪女の証明」,悪女の証明,2008-02-20T00:00:00+09:00,https://douga.tv-asahi.co.jp/program/16839-24193/24207
6,6,24193,16,24208,17,相棒 season6 第17話「新・Wの悲喜劇」,新・Wの悲喜劇,2008-03-05T00:00:00+09:00,https://douga.tv-asahi.co.jp/program/16839-24193/24208
6,6,24193,17,24209,18,相棒 season6 第18話「白い声」,白い声,2008-03-12T00:00:00+09:00,https://douga.tv-asahi.co.jp/program/16839-24193/24209
6,6,24193,18,24210,19,相棒 season6 最終回「黙示録」,黙示録,2008-03-19T00:00:00+09:00,https://douga.tv-asahi.co.jp/program/16839-24193/24210
7,7,24213,0,24212,1,相棒 season7 第1話「還流～密室の昏迷」,還流～密室の昏迷,2008-10-22T00:00:00+09:00,https://douga.tv-asahi.co.jp/program/16839-24213/24212
7,7,24213,1,24214,2,相棒 season7 第2話「還流～悪意の不在」,還流～悪意の不在,2008-10-29T00:00:00+09:00,https://douga.tv-asahi.co.jp/program/16839-24213/24214
7,7,24213,2,24215,3,相棒 season7 第3話「沈黙のカナリア」,沈黙のカナリア,2008-11-05T00:00:00+09:00,https://douga.tv-asahi.co.jp/program/16839-24213/24215
7,7,24213,3,24216,4,相棒 season7 第4話「隣室の女」,隣室の女,2008-11-12T00:00:00+09:00,https://douga.tv-asahi.co.jp/program/16839-24213/24216
7,7,24213,4,24217,5,相棒 season7 第5話「顔のない女神」,顔のない女神,2008-11-19T00:00:00+09:00,https://douga.tv-asahi.co.jp/program/16839-24213/24217
7,7,24213,5,24218,6,相棒 season7 第6話「希望の終盤」,希望の終盤,2008-11-26T00:00:00+09:00,https://douga.tv-asahi.co.jp/program/16839-24213/24218
7,7,24213,6,24219,7,相棒 season7 第7話「最後の砦」,最後の砦,2008-12-03T00:00:00+09:00,https://douga.tv-asahi.co.jp/program/16839-24213/24219
7,7,24213,7,24220,8,相棒 season7 第8話「レベル4～前篇」,レベル4～前篇,2008-12-10T00:00:00+09:00,https://douga.tv-asahi.co.jp/program/16839-24213/24220
7,7,24213,8,24221,9,相棒 season7 第9話「レベル4～後篇・薫最後の事件」,レベル4～後篇・薫最後の事件,2008-12-17T00:00:00+09:00,https://douga.tv-asahi.co.jp/program/16839-24213/24221
7,7,24213,9,24230,10,相棒 season7 第10話「ノアの方舟～聖夜の大停電は殺人招待状！狙われた法務大臣・次の標的は豪華客船？」,ノアの方舟～聖夜の大停電は殺人招待状！狙われた法務大臣・次の標的は豪華客船？,2009-01-01T00:00:00+09:00,https://douga.tv-asahi.co.jp/program/16839-24213/24230
7,7,24213,10,24231,11,相棒 season7 第11話「越境捜査」,越境捜査,2009-01-14T00:00:00+09:00,https://douga.tv-asahi.co.jp/program/16839-24213/24231
7,7,24213,11,24222,12,相棒 season7 第12話「逃亡者」,逃亡者,2009-01-21T00:00:00+09:00,https://douga.tv-asahi.co.jp/program/16839-24213/24222
7,7,24213,12,24223,13,相棒 season7 第13話「超能力少年」,超能力少年,2009-01-28T00:00:00+09:00,https://douga.tv-asahi.co.jp/program/16839-24213/24223
7,7,24213,13,24224,14,相棒 season7 第14話「男装の麗人」,男装の麗人,2009-02-11T00:00:00+09:00,https://douga.tv-asahi.co.jp/program/16839-24213/24224
7,7,24213,14,24225,15,相棒 season7 第15話「密愛」,密愛,2009-02-18T00:00:00+09:00,https://douga.tv-asahi.co.jp/program/16839-24213/24225
7,7,24213,15,24226,16,相棒 season7 第16話「髪を切られた女」,髪を切られた女,2009-02-25T00:00:00+09:00,https://douga.tv-asahi.co.jp/program/16839-24213/24226
7,7,24213,16,24227,17,相棒 season7 第17話「天才たちの最期」,天才たちの最期,2009-03-04T00:00:00+09:00,https://douga.tv-asahi.co.jp/program/16839-24213/24227
7,7,24213,17,24228,18,相棒 season7 第18話「悪意の行方」,悪意の行方,2009-03-11T00:00:00+09:00,https://douga.tv-asahi.co.jp/program/16839-24213/24228
7,7,24213,18,24229,19,相棒 season7 第19話「特命」,特命,2019-03-18T00:00:00+09:00,https://douga.tv-asahi.co.jp/program/16839-24213/24229
8,8,23512,0,23511,1,相棒 season8 第1話「カナリアの娘」,カナリアの娘,2009-10-14T00:00:00+09:00,https://douga.tv-asahi.co.jp/program/16839-23512/23511
8,8,23512,1,23513,2,相棒 season8 第2話「さよなら、バードランド」,さよなら、バードランド,2009-10-21T00:00:00+09:00,https://douga.tv-asahi.co.jp/program/16839-23512/23513
8,8,23512,2,23514,3,相棒 season8 第3話「ミス・グリーンの秘密」,ミス・グリーンの秘密,2009-10-28T00:00:00+09:00,https://douga.tv-asahi.co.jp/program/16839-23512/23514
8,8,23512,3,23515,4,相棒 season8 第4話「錯覚の殺人」,錯覚の殺人,2009-11-11T00:00:00+09:00,https://douga.tv-asahi.co.jp/program/16839-23512/23515
8,8,23512,4,23516,5,相棒 season8 第5話「背信の徒花」,背信の徒花,2009-11-18T00:00:00+09:00,https://douga.tv-asahi.co.jp/program/16839-23512/23516
8,8,23512,5,23517,6,相棒 season8 第6話「フェンスの町で」,フェンスの町で,2009-11-25T00:00:00+09:00,https://douga.tv-asahi.co.jp/program/16839-23512/23517
8,8,23512,6,23518,7,相棒 season8 第7話「鶏と牛刀」,鶏と牛刀,2009-12-02T00:00:00+09:00,https://douga.tv-asahi.co.jp/program/16839-23512/23518
8,8,23512,7,23519,8,相棒 season8 第8話「消えた乗客」,消えた乗客,2009-12-09T00:00:00+09:00,https://douga.tv-asahi.co.jp/program/16839-23512/23519
8,8,23512,8,23520,9,相棒 season8 第9話「仮釈放」,仮釈放,2009-12-16T00:00:00+09:00,https://douga.tv-asahi.co.jp/program/16839-23512/23520
8,8,23512,9,23521,10,相棒 season8 第10話「特命係、西へ！死体が握っていた数字と、消えた幻の茶器の謎…東京～京都・連続殺人と420年前の千利休の死の秘密が繋がる!?」,特命係、西へ！死体が握っていた数字と、消えた幻の茶器の謎…東京～京都・連続殺人と420年前の千利休の死の秘密が繋がる!?,2010-01-01T00:00:00+09:00,https://douga.tv-asahi.co.jp/program/16839-23512/23521
8,8,23512,10,23522,11,相棒 season8 第11話「願い」,願い,2010-01-13T00:00:00+09:00,https://douga.tv-asahi.co.jp/program/16839-23512/23522
8,8,23512,11,23523,12,相棒 season8 第12話「SPY」,SPY,2010-01-20T00:00:00+09:00,https://douga.tv-asahi.co.jp/program/16839-23512/23523
8,8,23512,12,23524,13,相棒 season8 第13話「マジック」,マジック,2010-01-27T00:00:00+09:00,https://douga.tv-asahi.co.jp/program/16839-23512/23524
8,8,23512,13,23525,14,相棒 season8 第14話「堕ちた偶像」,堕ちた偶像,2010-02-03T00:00:00+09:00,https://douga.tv-asahi.co.jp/program/16839-23512/23525
8,8,23512,14,23526,15,相棒 season8 第15話「狙われた刑事」,狙われた刑事,2010-02-10T00:00:00+09:00,https://douga.tv-asahi.co.jp/program/16839-23512/23526
8,8,23512,15,23527,16,相棒 season8 第16話「隠されていた顔」,隠されていた顔,2010-02-17T00:00:00+09:00,https://douga.tv-asahi.co.jp/program/16839-23512/23527
8,8,23512,16,23528,17,相棒 season8 第17話「怪しい隣人」,怪しい隣人,2010-02-24T00:00:00+09:00,https://douga.tv-asahi.co.jp/program/16839-23512/23528
8,8,23512,17,23529,18,相棒 season8 第18話「右京、風邪をひく」,右京、風邪をひく,2010-03-03T00:00:00+09:00,https://douga.tv-asahi.co.jp/program/16839-23512/23529
8,8,23512,18,23530,19,相棒 season8 最終回「神の憂鬱」,神の憂鬱,2010-03-10T00:00:00+09:00,https://douga.tv-asahi.co.jp/program/16839-23512/23530
9,9,24233,0,24232,1,相棒 season9 第1話「顔のない男」,顔のない男,2010-10-20T00:00:00+09:00,https://douga.tv-asahi.co.jp/program/16839-24233/24232
9,9,24233,1,24234,2,相棒 season9 第2話「顔のない男～贖罪」,顔のない男～贖罪,2010-10-27T00:00:00+09:00,https://douga.tv-asahi.co.jp/program/16839-24233/24234
9,9,24233,2,24235,3,相棒 season9 第3話「最後のアトリエ」,最後のアトリエ,2010-11-10T00:00:00+09:00,https://douga.tv-asahi.co.jp/program/16839-24233/24235
9,9,24233,3,24236,4,相棒 season9 第4話「過渡期」,過渡期,2010-11-17T00:00:00+09:00,https://douga.tv-asahi.co.jp/program/16839-24233/24236
9,9,24233,4,24237,5,相棒 season9 第5話「運命の女性」,運命の女性,2010-11-24T00:00:00+09:00,https://douga.tv-asahi.co.jp/program/16839-24233/24237
9,9,24233,5,24238,6,相棒 season9 第6話「暴発」,暴発,2010-12-01T00:00:00+09:00,https://douga.tv-asahi.co.jp/program/16839-24233/24238
9,9,24233,6,24239,7,相棒 season9 第7話「9時から10時まで」,9時から10時まで,2010-12-08T00:00:00+09:00,https://douga.tv-asahi.co.jp/program/16839-24233/24239
9,9,24233,7,24240,8,相棒 season9 第8話「ボーダーライン」,ボーダーライン,2010-12-15T00:00:00+09:00,https://douga.tv-asahi.co.jp/program/16839-24233/24240
9,9,24233,8,24241,9,相棒 season9 第9話「予兆」,予兆,2010-12-22T00:00:00+09:00,https://douga.tv-asahi.co.jp/program/16839-24233/24241
9,9,24233,9,24250,10,相棒 season9 第10話「聖戦」,聖戦,2011-01-01T00:00:00+09:00,https://douga.tv-asahi.co.jp/program/16839-24233/24250
9,9,24233,10,24242,11,相棒 season9 第11話「死に過ぎた男」,死に過ぎた男,2011-01-12T00:00:00+09:00,https://douga.tv-asahi.co.jp/program/16839-24233/24242
9,9,24233,11,24243,12,相棒 season9 第12話「招かれざる客」,招かれざる客,2011-01-19T00:00:00+09:00,https://douga.tv-asahi.co.jp/program/16839-24233/24243
9,9,24233,12,24244,13,相棒 season9 第13話「通報者」,通報者,2011-01-26T00:00:00+09:00,https://douga.tv-asahi.co.jp/program/16839-24233/24244
9,9,24233,13,24245,14,相棒 season9 第14話「右京のスーツ」,右京のスーツ,2011-02-02T00:00:00+09:00,https://douga.tv-asahi.co.jp/program/16839-24233/24245
9,9,24233,14,24246,15,相棒 season9 第15話「もがり笛」,もがり笛,2011-02-16T00:00:00+09:00,https://douga.tv-asahi.co.jp/program/16839-24233/24246
9,9,24233,15,24247,16,相棒 season9 第16話「監察対象 杉下右京」,監察対象 杉下右京,2011-02-23T00:00:00+09:00,https://douga.tv-asahi.co.jp/program/16839-24233/24247
9,9,24233,16,24248,17,相棒 season9 第17話「陣川警部補の活躍」,陣川警部補の活躍,2011-03-02T00:00:00+09:00,https://douga.tv-asahi.co.jp/program/16839-24233/24248
9,9,24233,17,24249,18,相棒 season9 最終回「亡霊」,亡霊,2011-03-09T00:00:00+09:00,https://douga.tv-asahi.co.jp/program/16839-24233/24249
10,10,24252,0,24251,1,相棒 season10 第1話「贖罪」,贖罪,2011-10-19T00:00:00+09:00,https://douga.tv-asahi.co.jp/program/16839-24252/24251
10,10,24252,1,24253,2,相棒 season10 第2話「逃げ水」,逃げ水,2011-10-26T00:00:00+09:00,https://douga.tv-asahi.co.jp/program/16839-24252/24253
10,10,24252,2,24254,3,相棒 season10 第3話「晩夏」,晩夏,2011-11-02T00:00:00+09:00,https://douga.tv-asahi.co.jp/program/16839-24252/24254
10,10,24252,3,24255,4,相棒 season10 第4話「ライフライン」,ライフライン,2011-11-09T00:00:00+09:00,https://douga.tv-asahi.co.jp/program/16839-24252/24255
10,10,24252,4,24256,5,相棒 season10 第5話「消えた女」,消えた女,2011-11-16T00:00:00+09:00,https://douga.tv-asahi.co.jp/program/16839-24252/24256
10,10,24252,5,24257,6,相棒 season10 第6話「ラスト・ソング」,ラスト・ソング,2011-11-23T00:00:00+09:00,https://douga.tv-asahi.co.jp/program/16839-24252/24257
10,10,24252,6,24258,7,相棒 season10 第7話「すみれ色の研究」,すみれ色の研究,2011-11-30T00:00:00+09:00,https://douga.tv-asahi.co.jp/program/16839-24252/24258
10,10,24252,7,24259,8,相棒 season10 第8話「フォーカス」,フォーカス,2011-12-07T00:00:00+09:00,https://douga.tv-asahi.co.jp/program/16839-24252/24259
10,10,24252,8,24260,9,相棒 season10 第9話「あすなろの唄」,あすなろの唄,2011-12-14T00:00:00+09:00,https://douga.tv-asahi.co.jp/program/16839-24252/24260
10,10,24252,9,24270,10,相棒 season10 第10話「ピエロ」,ピエロ,2012-01-01T00:00:00+09:00,https://douga.tv-asahi.co.jp/program/16839-24252/24270
10,10,24252,10,24261,11,相棒 season10 第11話「名探偵再登場」,名探偵再登場,2012-01-11T00:00:00+09:00,https://douga.tv-asahi.co.jp/program/16839-24252/24261
10,10,24252,11,24262,12,相棒 season10 第12話「つきすぎている女」,つきすぎている女,2012-01-18T00:00:00+09:00,https://douga.tv-asahi.co.jp/program/16839-24252/24262
10,10,24252,12,24263,13,相棒 season10 第13話「藍よりも青し」,藍よりも青し,2019-01-25T00:00:00+09:00,https://douga.tv-asahi.co.jp/program/16839-24252/24263
10,10,24252,13,24264,14,相棒 season10 第14話「悪友」,悪友,2019-02-01T00:00:00+09:00,https://douga.tv-asahi.co.jp/program/16839-24252/24264
10,10,24252,14,24265,15,相棒 season10 第15話「アンテナ」,アンテナ,2012-02-08T00:00:00+09:00,https://douga.tv-asahi.co.jp/program/16839-24252/24265
10,10,24252,15,24266,16,相棒 season10 第16話「宣誓」,宣誓,2019-02-15T00:00:00+09:00,https://douga.tv-asahi.co.jp/program/16839-24252/24266
10,10,24252,16,24267,17,相棒 season10 第17話「陣川、父親になる」,陣川、父親になる,2012-02-29T00:00:00+09:00,https://douga.tv-asahi.co.jp/program/16839-24252/24267
10,10,24252,17,24268,18,相棒 season10 第18話「守るべきもの」,守るべきもの,2012-03-07T00:00:00+09:00,https://douga.tv-asahi.co.jp/program/16839-24252/24268
10,10,24252,18,24269,19,相棒 season10 最終回「罪と罰」,罪と罰,2012-03-21T00:00:00+09:00,https://douga.tv-asahi.co.jp/program/16839-24252/24269
11,11,23532,0,23531,1,相棒 season11 第1話「聖域」,聖域,2012-10-10T00:00:00+09:00,https://douga.tv-asahi.co.jp/program/16839-23532/23531
11,11,23532,1,23533,2,相棒 season11 第2話「オークション」,オークション,2012-10-17T00:00:00+09:00,https://douga.tv-asahi.co.jp/program/16839-23532/23533
11,11,23532,2,23534,3,相棒 season11 第3話「ゴールデンボーイ」,ゴールデンボーイ,2012-10-24T00:00:00+09:00,https://douga.tv-asahi.co.jp/program/16839-23532/23534
11,11,23532,3,23535,4,相棒 season11 第4話「バーター」,バーター,2012-10-31T00:00:00+09:00,https://douga.tv-asahi.co.jp/program/16839-23532/23535
11,11,23532,4,23536,5,相棒 season11 第5話「ID」,ID,2012-11-07T00:00:00+09:00,https://douga.tv-asahi.co.jp/program/16839-23532/23536
11,11,23532,5,23537,6,相棒 season11 第6話「交番巡査・甲斐享」,交番巡査・甲斐享,2012-11-21T00:00:00+09:00,https://douga.tv-asahi.co.jp/program/16839-23532/23537
11,11,23532,6,23538,7,相棒 season11 第7話「幽霊屋敷」,幽霊屋敷,2012-11-28T00:00:00+09:00,https://douga.tv-asahi.co.jp/program/16839-23532/23538
11,11,23532,7,23539,8,相棒 season11 第8話「棋風」,棋風,2012-12-05T00:00:00+09:00,https://douga.tv-asahi.co.jp/program/16839-23532/23539
11,11,23532,8,23540,9,相棒 season11 第9話「森の中」（前編）,森の中（前編）,2012-12-12T00:00:00+09:00,https://douga.tv-asahi.co.jp/program/16839-23532/23540
11,11,23532,9,23541,10,相棒 season11 第10話「猛き祈り」（後編）,猛き祈り（後編）,2012-12-19T00:00:00+09:00,https://douga.tv-asahi.co.jp/program/16839-23532/23541
11,11,23532,10,23542,11,相棒 season11 第11話「アリス」,アリス,2013-01-01T00:00:00+09:00,https://douga.tv-asahi.co.jp/program/16839-23532/23542
11,11,23532,11,23543,12,相棒 season11 第12話「オフレコ」,オフレコ,2013-01-16T00:00:00+09:00,https://douga.tv-asahi.co.jp/program/16839-23532/23543
11,11,23532,12,23544,13,相棒 season11 第13話「幸福な王子」,幸福な王子,2013-01-23T00:00:00+09:00,https://douga.tv-asahi.co.jp/program/16839-23532/23544
11,11,23532,13,23545,14,相棒 season11 第14話「バレンタイン計画」,バレンタイン計画,2013-02-06T00:00:00+09:00,https://douga.tv-asahi.co.jp/program/16839-23532/23545
11,11,23532,14,23546,15,相棒 season11 第15話「同窓会」,同窓会,2013-02-13T00:00:00+09:00,https://douga.tv-asahi.co.jp/program/16839-23532/23546
11,11,23532,15,23547,16,相棒 season11 第16話「シンデレラの靴」,シンデレラの靴,2013-02-20T00:00:00+09:00,https://douga.tv-asahi.co.jp/program/16839-23532/23547
11,11,23532,16,23548,17,相棒 season11 第17話「ビリー」,ビリー,2013-02-27T00:00:00+09:00,https://douga.tv-asahi.co.jp/program/16839-23532/23548
11,11,23532,17,23549,18,相棒 season11 第18話「BIRTHDAY」,BIRTHDAY,2013-03-13T00:00:00+09:00,https://douga.tv-asahi.co.jp/program/16839-23532/23549
11,11,23532,18,23550,19,相棒 season11 最終回「酒壺の蛇」,酒壺の蛇,2013-03-20T00:00:00+09:00,https://douga.tv-asahi.co.jp/program/16839-23532/23550
12,12,24272,0,24271,1,相棒 season12 第1話「ビリーバー」,ビリーバー,2013-10-16T00:00:00+09:00,https://douga.tv-asahi.co.jp/program/16839-24272/24271
12,12,24272,1,24273,2,相棒 season12 第2話「殺人の定理」,殺人の定理,2013-10-23T00:00:00+09:00,https://douga.tv-asahi.co.jp/program/16839-24272/24273
12,12,24272,2,24274,3,相棒 season12 第3話「原因菌」,原因菌,2013-10-30T00:00:00+09:00,https://douga.tv-asahi.co.jp/program/16839-24272/24274
12,12,24272,3,24275,4,相棒 season12 第4話「別れのダンス」,別れのダンス,2013-11-06T00:00:00+09:00,https://douga.tv-asahi.co.jp/program/16839-24272/24275
12,12,24272,4,24276,5,相棒 season12 第5話「エントリーシート」,エントリーシート,2013-11-13T00:00:00+09:00,https://douga.tv-asahi.co.jp/program/16839-24272/24276
12,12,24272,5,24277,6,相棒 season12 第6話「右京の腕時計」,右京の腕時計,2013-11-20T00:00:00+09:00,https://douga.tv-asahi.co.jp/program/16839-24272/24277
12,12,24272,6,24278,7,相棒 season12 第7話「目撃証言」,目撃証言,2013-11-27T00:00:00+09:00,https://douga.tv-asahi.co.jp/program/16839-24272/24278
12,12,24272,7,24279,8,相棒 season12 第8話「最後の淑女」,最後の淑女,2013-12-04T00:00:00+09:00,https://douga.tv-asahi.co.jp/program/16839-24272/24279
12,12,24272,8,24280,9,相棒 season12 第9話「かもめが死んだ日」,かもめが死んだ日,2013-12-11T00:00:00+09:00,https://douga.tv-asahi.co.jp/program/16839-24272/24280
12,12,24272,9,24290,10,相棒 season12 第10話「ボマー～狙撃容疑者特命係・甲斐享を射殺せよ！」,ボマー～狙撃容疑者特命係・甲斐享を射殺せよ！,2014-01-01T00:00:00+09:00,https://douga.tv-asahi.co.jp/program/16839-24272/24290
12,12,24272,10,24281,11,相棒 season12 第11話「デイドリーム」,デイドリーム,2014-01-08T00:00:00+09:00,https://douga.tv-asahi.co.jp/program/16839-24272/24281
12,12,24272,11,24282,12,相棒 season12 第12話「崖っぷちの女」,崖っぷちの女,2014-01-15T00:00:00+09:00,https://douga.tv-asahi.co.jp/program/16839-24272/24282
12,12,24272,12,24283,13,相棒 season12 第13話「右京さんの友達」,右京さんの友達,2014-01-22T00:00:00+09:00,https://douga.tv-asahi.co.jp/program/16839-24272/24283
12,12,24272,13,24284,14,相棒 season12 第14話「顔」,顔,2014-02-05T00:00:00+09:00,https://douga.tv-asahi.co.jp/program/16839-24272/24284
12,12,24272,14,24285,15,相棒 season12 第15話「見知らぬ共犯者」,見知らぬ共犯者,2014-02-12T00:00:00+09:00,https://douga.tv-asahi.co.jp/program/16839-24272/24285
12,12,24272,15,24286,16,相棒 season12 第16話「聞きすぎた男」,聞きすぎた男,2014-02-19T00:00:00+09:00,https://douga.tv-asahi.co.jp/program/16839-24272/24286
12,12,24272,16,24287,17,相棒 season12 第17話「ヒーロー」,ヒーロー,2014-03-05T00:00:00+09:00,https://douga.tv-asahi.co.jp/program/16839-24272/24287
12,12,24272,17,24288,18,相棒 season12 第18話「待ちぼうけ」,待ちぼうけ,2014-03-12T00:00:00+09:00,https://douga.tv-asahi.co.jp/program/16839-24272/24288
12,12,24272,18,24289,19,相棒 season12 最終回「プロテクト」,プロテクト,2014-03-19T00:00:00+09:00,https://douga.tv-asahi.co.jp/program/16839-24272/24289
13,13,24292,0,24291,1,相棒 season13 第1話「ファントム・アサシン」,ファントム・アサシン,2014-10-15T00:00:00+09:00,https://douga.tv-asahi.co.jp/program/16839-24292/24291
13,13,24292,1,24293,2,相棒 season13 第2話「14歳」,14歳,2014-10-22T00:00:00+09:00,https://douga.tv-asahi.co.jp/program/16839-24292/24293
13,13,24292,2,24294,3,相棒 season13 第3話「許されざる者」,許されざる者,2014-10-29T00:00:00+09:00,https://douga.tv-asahi.co.jp/program/16839-24292/24294
13,13,24292,3,24295,4,相棒 season13 第4話「第三の女」,第三の女,2014-11-05T00:00:00+09:00,https://douga.tv-asahi.co.jp/program/16839-24292/24295
13,13,24292,4,24296,5,相棒 season13 第5話「最期の告白」,最期の告白,2014-11-12T00:00:00+09:00,https://douga.tv-asahi.co.jp/program/16839-24292/24296
13,13,24292,5,24297,6,相棒 season13 第6話「ママ友」,ママ友,2014-11-19T00:00:00+09:00,https://douga.tv-asahi.co.jp/program/16839-24292/24297
13,13,24292,6,24298,7,相棒 season13 第7話「死命」,死命,2014-12-03T00:00:00+09:00,https://douga.tv-asahi.co.jp/program/16839-24292/24298
13,13,24292,7,24299,8,相棒 season13 第8話「幸運の行方」,幸運の行方,2014-12-10T00:00:00+09:00,https://douga.tv-asahi.co.jp/program/16839-24292/24299
13,13,24292,8,24300,9,相棒 season13 第9話「サイドストーリー」,サイドストーリー,2014-12-17T00:00:00+09:00,https://douga.tv-asahi.co.jp/program/16839-24292/24300
13,13,24292,9,24309,10,相棒 season13 第10話「ストレイシープ」,ストレイシープ,2015-01-01T00:00:00+09:00,https://douga.tv-asahi.co.jp/program/16839-24292/24309
13,13,24292,10,24310,11,相棒 season13 第11話「米沢守、最後の挨拶」,米沢守、最後の挨拶,2015-01-14T00:00:00+09:00,https://douga.tv-asahi.co.jp/program/16839-24292/24310
13,13,24292,11,24301,12,相棒 season13 第12話「学び舎」,学び舎,2015-01-21T00:00:00+09:00,https://douga.tv-asahi.co.jp/program/16839-24292/24301
13,13,24292,12,24302,13,相棒 season13 第13話「人生最良の日」,人生最良の日,2015-01-28T00:00:00+09:00,https://douga.tv-asahi.co.jp/program/16839-24292/24302
13,13,24292,13,24303,14,相棒 season13 第14話「アザミ」,アザミ,2015-02-04T00:00:00+09:00,https://douga.tv-asahi.co.jp/program/16839-24292/24303
13,13,24292,14,24304,15,相棒 season13 第15話「鮎川教授最後の授業」,鮎川教授最後の授業,2015-02-11T00:00:00+09:00,https://douga.tv-asahi.co.jp/program/16839-24292/24304
13,13,24292,15,24305,16,相棒 season13 第16話「鮎川教授最後の授業・解決篇」,鮎川教授最後の授業・解決篇,2015-02-18T00:00:00+09:00,https://douga.tv-asahi.co.jp/program/16839-24292/24305
13,13,24292,16,24306,17,相棒 season13 第17話「妹よ」,妹よ,2015-03-04T00:00:00+09:00,https://douga.tv-asahi.co.jp/program/16839-24292/24306
13,13,24292,17,24307,18,相棒 season13 第18話「苦い水」,苦い水,2015-03-11T00:00:00+09:00,https://douga.tv-asahi.co.jp/program/16839-24292/24307
13,13,24292,18,24308,19,相棒 season13 第19話「ダークナイト」,ダークナイト,2015-03-18T00:00:00+09:00,https://douga.tv-asahi.co.jp/program/16839-24292/24308
14,14,23552,0,23551,1,相棒 season14 第1話「フランケンシュタインの告白」,フランケンシュタインの告白,2015-10-14T00:00:00+09:00,https://douga.tv-asahi.co.jp/program/16839-23552/23551
14,14,23552,1,23553,2,相棒 season14 第2話「或る相棒の死」,或る相棒の死,2015-10-21T00:00:00+09:00,https://douga.tv-asahi.co.jp/program/16839-23552/23553
14,14,23552,2,23554,3,相棒 season14 第3話「死に神」,死に神,2015-10-28T00:00:00+09:00,https://douga.tv-asahi.co.jp/program/16839-23552/23554
14,14,23552,3,23555,4,相棒 season14 第4話「ファンタスマゴリ」,ファンタスマゴリ,2015-11-04T00:00:00+09:00,https://douga.tv-asahi.co.jp/program/16839-23552/23555
14,14,23552,4,23556,5,相棒 season14 第5話「2045」,2045,2015-11-18T00:00:00+09:00,https://douga.tv-asahi.co.jp/program/16839-23552/23556
14,14,23552,5,23557,6,相棒 season14 第6話「はつ恋」,はつ恋,2015-11-25T00:00:00+09:00,https://douga.tv-asahi.co.jp/program/16839-23552/23557
14,14,23552,6,23558,7,相棒 season14 第7話「キモノ綺譚」,キモノ綺譚,2015-12-02T00:00:00+09:00,https://douga.tv-asahi.co.jp/program/16839-23552/23558
14,14,23552,7,23559,8,相棒 season14 第8話「最終回の奇跡」,最終回の奇跡,2015-12-09T00:00:00+09:00,https://douga.tv-asahi.co.jp/program/16839-23552/23559
14,14,23552,8,23560,9,相棒 season14 第9話「秘密の家」,秘密の家,2015-12-16T00:00:00+09:00,https://douga.tv-asahi.co.jp/program/16839-23552/23560
14,14,23552,9,23561,10,相棒 season14 第10話「英雄～罪深き者たち」,英雄～罪深き者たち,2016-01-01T00:00:00+09:00,https://douga.tv-asahi.co.jp/program/16839-23552/23561
14,14,23552,10,23562,11,相棒 season14 第11話「共演者」,共演者,2016-01-13T00:00:00+09:00,https://douga.tv-asahi.co.jp/program/16839-23552/23562
14,14,23552,11,23563,12,相棒 season14 第12話「陣川という名の犬」,陣川という名の犬,2016-01-20T00:00:00+09:00,https://douga.tv-asahi.co.jp/program/16839-23552/23563
14,14,23552,12,23564,13,相棒 season14 第13話「伊丹刑事の失職」,伊丹刑事の失職,2016-01-27T00:00:00+09:00,https://douga.tv-asahi.co.jp/program/16839-23552/23564
14,14,23552,13,23565,14,相棒 season14 第14話「スポットライト」,スポットライト,2016-02-03T00:00:00+09:00,https://douga.tv-asahi.co.jp/program/16839-23552/23565
14,14,23552,14,23568,15,相棒 season14 第15話「警察嫌い」,警察嫌い,2016-02-10T00:00:00+09:00,https://douga.tv-asahi.co.jp/program/16839-23552/23568
14,14,23552,15,23566,16,相棒 season14 第16話「右京の同級生」,右京の同級生,2016-02-17T00:00:00+09:00,https://douga.tv-asahi.co.jp/program/16839-23552/23566
14,14,23552,16,23567,17,相棒 season14 第17話「物理学者と猫」,物理学者と猫,2016-02-24T00:00:00+09:00,https://douga.tv-asahi.co.jp/program/16839-23552/23567
14,14,23552,17,23569,18,相棒 season14 第18話「神隠しの山」,神隠しの山,2016-03-02T00:00:00+09:00,https://douga.tv-asahi.co.jp/program/16839-23552/23569
14,14,23552,18,23570,19,相棒 season14 第19話「神隠しの山の始末」,神隠しの山の始末,2016-03-09T00:00:00+09:00,https://douga.tv-asahi.co.jp/program/16839-23552/23570
14,14,23552,19,23571,20,相棒 season14 最終回「ラストケース」,ラストケース,2016-03-16T00:00:00+09:00,https://douga.tv-asahi.co.jp/program/16839-23552/23571
15,15,25150,0,25149,1,相棒 season15 第1話「守護神」,守護神,2016-10-12T00:00:00+09:00,https://douga.tv-asahi.co.jp/program/16839-25150/25149
15,15,25150,1,25151,2,相棒 season15 第2話「チェイン」,チェイン,2016-10-19T00:00:00+09:00,https://douga.tv-asahi.co.jp/program/16839-25150/25151
15,15,25150,2,25152,3,相棒 season15 第3話「人生のお会計」,人生のお会計,2016-10-26T00:00:00+09:00,https://douga.tv-asahi.co.jp/program/16839-25150/25152
15,15,25150,3,25153,4,相棒 season15 第4話「出来心」,出来心,2016-11-02T00:00:00+09:00,https://douga.tv-asahi.co.jp/program/16839-25150/25153
15,15,25150,4,25154,5,相棒 season15 第5話「ブルーピカソ」,ブルーピカソ,2016-11-09T00:00:00+09:00,https://douga.tv-asahi.co.jp/program/16839-25150/25154
15,15,25150,5,25155,6,相棒 season15 第6話「嘘吐き」,嘘吐き,2016-11-16T00:00:00+09:00,https://douga.tv-asahi.co.jp/program/16839-25150/25155
15,15,25150,6,25156,7,相棒 season15 第7話「フェイク」,フェイク,2016-11-23T00:00:00+09:00,https://douga.tv-asahi.co.jp/program/16839-25150/25156
15,15,25150,7,25157,8,相棒 season15 第8話「100％の女」,100％の女,2016-11-30T00:00:00+09:00,https://douga.tv-asahi.co.jp/program/16839-25150/25157
15,15,25150,8,25158,9,相棒 season15 第9話「あとぴん～角田課長の告白」,あとぴん～角田課長の告白,2016-12-07T00:00:00+09:00,https://douga.tv-asahi.co.jp/program/16839-25150/25158
15,15,25150,9,25159,10,相棒 season15 第10話「帰還」,帰還,2017-01-01T00:00:00+09:00,https://douga.tv-asahi.co.jp/program/16839-25150/25159
15,15,25150,10,25160,11,相棒 season15 第11話「アンタッチャブル」,アンタッチャブル,2017-01-11T00:00:00+09:00,https://douga.tv-asahi.co.jp/program/16839-25150/25160
15,15,25150,11,25161,12,相棒 season15 第12話「臭い飯」,臭い飯,2017-01-18T00:00:00+09:00,https://douga.tv-asahi.co.jp/program/16839-25150/25161
15,15,25150,12,25162,13,相棒 season15 第13話「声なき者～籠城」,声なき者～籠城,2017-02-01T00:00:00+09:00,https://douga.tv-asahi.co.jp/program/16839-25150/25162
15,15,25150,13,25163,14,相棒 season15 第14話「声なき者～突入」,声なき者～突入,2017-02-08T00:00:00+09:00,https://douga.tv-asahi.co.jp/program/16839-25150/25163
15,15,25150,14,25164,15,相棒 season15 第15話「パスワード」,パスワード,2017-02-15T00:00:00+09:00,https://douga.tv-asahi.co.jp/program/16839-25150/25164
15,15,25150,15,25165,16,相棒 season15 第16話「ギフト」,ギフト,2017-02-22T00:00:00+09:00,https://douga.tv-asahi.co.jp/program/16839-25150/25165
15,15,25150,16,25166,17,相棒 season15 第17話「ラストワーク」,ラストワーク,2017-03-01T00:00:00+09:00,https://douga.tv-asahi.co.jp/program/16839-25150/25166
15,15,25150,17,25167,18,相棒 season15 第18話「悪魔の証明」,悪魔の証明,2017-03-22T00:00:00+09:00,https://douga.tv-asahi.co.jp/program/16839-25150/25167
16,16,25169,0,25168,1,相棒 season16 第1話「検察捜査」,検察捜査,2017-10-18T00:00:00+09:00,https://douga.tv-asahi.co.jp/program/16839-25169/25168
16,16,25169,1,25170,2,相棒 season16 第2話「検察捜査～反撃」,検察捜査～反撃,2017-10-25T00:00:00+09:00,https://douga.tv-asahi.co.jp/program/16839-25169/25170
16,16,25169,2,25171,3,相棒 season16 第3話「銀婚式」,銀婚式,2017-11-01T00:00:00+09:00,https://douga.tv-asahi.co.jp/program/16839-25169/25171
16,16,25169,3,25172,4,相棒 season16 第4話「ケンちゃん」,ケンちゃん,2017-11-08T00:00:00+09:00,https://douga.tv-asahi.co.jp/program/16839-25169/25172
16,16,25169,4,25173,5,相棒 season16 第5話「手巾（ハンケチ）」,手巾（ハンケチ）,2017-11-15T00:00:00+09:00,https://douga.tv-asahi.co.jp/program/16839-25169/25173
16,16,25169,5,25174,6,相棒 season16 第6話「ジョーカー」,ジョーカー,2017-11-22T00:00:00+09:00,https://douga.tv-asahi.co.jp/program/16839-25169/25174
16,16,25169,6,25175,7,相棒 season16 第7話「倫敦からの客人」,倫敦からの客人,2017-11-29T00:00:00+09:00,https://douga.tv-asahi.co.jp/program/16839-25169/25175
16,16,25169,7,25176,8,相棒 season16 第8話「ドグマ」,ドグマ,2017-12-06T00:00:00+09:00,https://douga.tv-asahi.co.jp/program/16839-25169/25176
16,16,25169,8,25177,9,相棒 season16 第9話「目撃しない女」,目撃しない女,2017-12-13T00:00:00+09:00,https://douga.tv-asahi.co.jp/program/16839-25169/25177
16,16,25169,9,25178,10,相棒 season16 第10話「サクラ」,サクラ,2018-01-01T00:00:00+09:00,https://douga.tv-asahi.co.jp/program/16839-25169/25178
16,16,25169,10,25179,11,相棒 season16 第11話「ダメージグッズ」,ダメージグッズ,2018-01-10T00:00:00+09:00,https://douga.tv-asahi.co.jp/program/16839-25169/25179
16,16,25169,11,25180,12,相棒 season16 第12話「暗数」,暗数,2018-01-17T00:00:00+09:00,https://douga.tv-asahi.co.jp/program/16839-25169/25180
16,16,25169,12,25181,13,相棒 season16 第13話「いわんや悪人をや（前篇）」,いわんや悪人をや（前篇）,2018-01-24T00:00:00+09:00,https://douga.tv-asahi.co.jp/program/16839-25169/25181
16,16,25169,13,25182,14,相棒 season16 第14話「いわんや悪人をや（後篇）」,いわんや悪人をや（後篇）,2018-01-31T00:00:00+09:00,https://douga.tv-asahi.co.jp/program/16839-25169/25182
16,16,25169,14,25183,15,相棒 season16 第15話「事故物件」,事故物件,2018-02-07T00:00:00+09:00,https://douga.tv-asahi.co.jp/program/16839-25169/25183
16,16,25169,15,25184,16,相棒 season16 第16話「さっちゃん」,さっちゃん,2018-02-14T00:00:00+09:00,https://douga.tv-asahi.co.jp/program/16839-25169/25184
16,16,25169,16,25185,17,相棒 season16 第17話「騙し討ち」,騙し討ち,2018-02-21T00:00:00+09:00,https://douga.tv-asahi.co.jp/program/16839-25169/25185
16,16,25169,17,25186,18,相棒 season16 第18話「ロスト～真相喪失」,ロスト～真相喪失,2018-02-28T00:00:00+09:00,https://douga.tv-asahi.co.jp/program/16839-25169/25186
16,16,25169,18,25187,19,相棒 season16 第19話「少年A」,少年A,2018-03-07T00:00:00+09:00,https://douga.tv-asahi.co.jp/program/16839-25169/25187
16,16,25169,19,25188,20,相棒 season16 第20話「容疑者六人～アンユージュアル・サスペクツ」,容疑者六人～アンユージュアル・サスペクツ,2018-03-14T00:00:00+09:00,https://douga.tv-asahi.co.jp/program/16839-25169/25188
17,17,25190,0,25189,1,相棒 season17 第1話「ボディ」,ボディ,2018-10-17T00:00:00+09:00,https://douga.tv-asahi.co.jp/program/16839-25190/25189
17,17,25190,1,25191,2,相棒 season17 第2話「ボディ～二重の罠」,ボディ～二重の罠,2018-10-24T00:00:00+09:00,https://douga.tv-asahi.co.jp/program/16839-25190/25191
17,17,25190,2,25192,3,相棒 season17 第3話「辞書の神様」,辞書の神様,2018-10-31T00:00:00+09:00,https://douga.tv-asahi.co.jp/program/16839-25190/25192
17,17,25190,3,25193,4,相棒 season17 第4話「バクハン」,バクハン,2018-11-07T00:00:00+09:00,https://douga.tv-asahi.co.jp/program/16839-25190/25193
17,17,25190,4,25194,5,相棒 season17 第5話「計算違いな男」,計算違いな男,2018-11-14T00:00:00+09:00,https://douga.tv-asahi.co.jp/program/16839-25190/25194
17,17,25190,5,25195,6,相棒 season17 第6話「ブラックパールの女」,ブラックパールの女,2018-11-21T00:00:00+09:00,https://douga.tv-asahi.co.jp/program/16839-25190/25195
17,17,25190,6,25196,7,相棒 season17 第7話「うさぎとかめ」,うさぎとかめ,2018-11-28T00:00:00+09:00,https://douga.tv-asahi.co.jp/program/16839-25190/25196
17,17,25190,7,25197,8,相棒 season17 第8話「微笑みの研究」,微笑みの研究,2018-12-05T00:00:00+09:00,https://douga.tv-asahi.co.jp/program/16839-25190/25197
17,17,25190,8,25198,9,相棒 season17 第9話「刑事一人」,刑事一人,2018-12-12T00:00:00+09:00,https://douga.tv-asahi.co.jp/program/16839-25190/25198
17,17,25190,9,25199,10,相棒 season17 第10話「ディーバ」,ディーバ,2019-01-01T00:00:00+09:00,https://douga.tv-asahi.co.jp/program/16839-25190/25199
17,17,25190,10,25200,11,相棒 season17 第11話「密着特命係24時」,密着特命係24時,2019-01-16T00:00:00+09:00,https://douga.tv-asahi.co.jp/program/16839-25190/25200
17,17,25190,11,25201,12,相棒 season17 第12話「怖い家」,怖い家,2019-01-23T00:00:00+09:00,https://douga.tv-asahi.co.jp/program/16839-25190/25201
17,17,25190,12,25202,13,相棒 season17 第13話「10億分の1」,10億分の1,2019-01-30T00:00:00+09:00,https://douga.tv-asahi.co.jp/program/16839-25190/25202
17,17,25190,13,25203,14,相棒 season17 第14話「そして妻が消えた」,そして妻が消えた,2019-02-06T00:00:00+09:00,https://douga.tv-asahi.co.jp/program/16839-25190/25203
17,17,25190,14,25204,15,相棒 season17 第15話「99％の女」,99％の女,2019-02-13T00:00:00+09:00,https://douga.tv-asahi.co.jp/program/16839-25190/25204
17,17,25190,15,25205,16,相棒 season17 第16話「容疑者 内村完爾」,容疑者 内村完爾,2019-02-20T00:00:00+09:00,https://douga.tv-asahi.co.jp/program/16839-25190/25205
17,17,25190,16,25206,17,相棒 season17 第17話「倫敦からの刺客」,倫敦からの刺客,2019-02-27T00:00:00+09:00,https://douga.tv-asahi.co.jp/program/16839-25190/25206
17,17,25190,17,25207,18,相棒 season17 第18話「漂流少年～月本幸子の覚悟」,漂流少年～月本幸子の覚悟,2019-03-06T00:00:00+09:00,https://douga.tv-asahi.co.jp/program/16839-25190/25207
17,17,25190,18,25208,19,相棒 season17 第19話「漂流少年～月本幸子の決断」,漂流少年～月本幸子の決断,2019-03-13T00:00:00+09:00,https://douga.tv-asahi.co.jp/program/16839-25190/25208
17,17,25190,19,25209,20,相棒 season17 第20話「新世界より」,新世界より,2019-03-20T00:00:00+09:00,https://douga.tv-asahi.co.jp/program/16839-25190/25209
18,18,24020,0,25229,1,相棒 season18 テレビ朝日開局60周年記念スペシャル　第1話「アレスの進撃」,アレスの進撃,2019-10-09T00:00:00+09:00,https://douga.tv-asahi.co.jp/program/16839-24020/25229
18,18,24020,1,25230,2,相棒 season18 テレビ朝日開局60周年記念スペシャル　第2話「アレスの進撃～最終決戦」,アレスの進撃～最終決戦,2019-10-16T00:00:00+09:00,https://douga.tv-asahi.co.jp/program/16839-24020/25230
18,18,24020,2,25231,3,相棒 season18 第3話「少女」,少女,2019-10-23T00:00:00+09:00,https://douga.tv-asahi.co.jp/program/16839-24020/25231
18,18,24020,3,25232,4,相棒 season18 第4話「声なき声」,声なき声,2019-10-30T00:00:00+09:00,https://douga.tv-asahi.co.jp/program/16839-24020/25232
18,18,24020,4,25233,5,相棒 season18 第5話「さらば愛しき人よ」,さらば愛しき人よ,2019-11-06T00:00:00+09:00,https://douga.tv-asahi.co.jp/program/16839-24020/25233
18,18,24020,5,25234,6,相棒 season18 第6話「右京の目」,右京の目,2019-11-20T00:00:00+09:00,https://douga.tv-asahi.co.jp/program/16839-24020/25234
18,18,24020,6,25235,7,相棒 season18 第7話「ご縁」,ご縁,2019-11-27T00:00:00+09:00,https://douga.tv-asahi.co.jp/program/16839-24020/25235
18,18,24020,7,25236,8,相棒 season18 第8話　2週連続スペシャル「檻の中～陰謀」,檻の中～陰謀,2019-12-04T00:00:00+09:00,https://douga.tv-asahi.co.jp/program/16839-24020/25236
18,18,24020,8,24019,9,相棒 season18 第9話　2週連続スペシャル「檻の中～告発」,檻の中～告発,2019-12-11T00:00:00+09:00,https://douga.tv-asahi.co.jp/program/16839-24020/24019
18,18,24020,9,24021,10,相棒 season18 第10話「杉下右京の秘密」,杉下右京の秘密,2019-12-18T00:00:00+09:00,https://douga.tv-asahi.co.jp/program/16839-24020/24021
18,18,24020,10,24022,11,相棒 season18 テレビ朝日開局60周年記念　元日スペシャル　第11話「ブラックアウト」,ブラックアウト,2020-01-01T00:00:00+09:00,https://douga.tv-asahi.co.jp/program/16839-24020/24022
18,18,24020,11,24023,12,相棒 season18 第12話「青木年男の受難」,青木年男の受難,2020-01-15T00:00:00+09:00,https://douga.tv-asahi.co.jp/program/16839-24020/24023
18,18,24020,12,24024,13,相棒 season18 第13話「神の声」,神の声,2020-01-22T00:00:00+09:00,https://douga.tv-asahi.co.jp/program/16839-24020/24024
18,18,24020,13,24025,14,相棒 season18 第14話　2週連続スペシャル「善悪の彼岸～ピエタ」,善悪の彼岸～ピエタ,2020-01-29T00:00:00+09:00,https://douga.tv-asahi.co.jp/program/16839-24020/24025
18,18,24020,14,24026,15,相棒 season18 第15話　2週連続スペシャル「善悪の彼岸～深淵」,善悪の彼岸～深淵,2020-02-05T00:00:00+09:00,https://douga.tv-asahi.co.jp/program/16839-24020/24026
18,18,24020,15,24027,16,相棒 season18 第16話「けむり ～陣川警部補の有給休暇」,けむり ～陣川警部補の有給休暇,2020-02-19T00:00:00+09:00,https://douga.tv-asahi.co.jp/program/16839-24020/24027
18,18,24020,16,24028,17,相棒 season18 第17話「いびつな真珠の女」,いびつな真珠の女,2020-02-26T00:00:00+09:00,https://douga.tv-asahi.co.jp/program/16839-24020/24028
18,18,24020,17,24029,18,相棒 season18 第18話「薔薇と髭との間に」,薔薇と髭との間に,2020-03-04T00:00:00+09:00,https://douga.tv-asahi.co.jp/program/16839-24020/24029
18,18,24020,18,24030,19,相棒 season18 第19話「突破口」,突破口,2020-03-11T00:00:00+09:00,https://douga.tv-asahi.co.jp/program/16839-24020/24030
18,18,24020,19,24031,20,相棒 season18 テレビ朝日開局60周年記念　最終回スペシャル　第20話「ディープフェイク・エクスペリメント」,ディープフェイク・エクスペリメント,2020-03-18T00:00:00+09:00,https://douga.tv-asahi.co.jp/program/16839-24020/24031
19,19,24668,0,24667,1,相棒 season19 初回拡大スペシャル　第1話「プレゼンス」,プレゼンス,2020-10-14T00:00:00+09:00,https://douga.tv-asahi.co.jp/program/16839-24668/24667
19,19,24668,1,24669,2,相棒 season19 拡大スペシャル　第2話「プレゼンス」（後篇）,プレゼンス（後篇）,2020-10-21T00:00:00+09:00,https://douga.tv-asahi.co.jp/program/16839-24668/24669
19,19,24668,2,24670,3,相棒 season19 第3話「目利き」,目利き,2020-10-28T00:00:00+09:00,https://douga.tv-asahi.co.jp/program/16839-24668/24670
19,19,24668,3,24671,4,相棒 season19 第4話「藪の外」,藪の外,2020-11-04T00:00:00+09:00,https://douga.tv-asahi.co.jp/program/16839-24668/24671
19,19,24668,4,25339,5,相棒 season19 第5話「天上の棲家」,天上の棲家,2020-11-11T00:00:00+09:00,https://douga.tv-asahi.co.jp/program/16839-24668/25339
19,19,24668,5,25340,6,相棒 season19 第6話「三文芝居」,三文芝居,2020-11-18T00:00:00+09:00,https://douga.tv-asahi.co.jp/program/16839-24668/25340
19,19,24668,6,25341,7,相棒 season19 第7話「同日同刻」,同日同刻,2020-11-25T00:00:00+09:00,https://douga.tv-asahi.co.jp/program/16839-24668/25341
19,19,24668,7,25342,8,相棒 season19 第8話「一夜の夢」,一夜の夢,2020-12-02T00:00:00+09:00,https://douga.tv-asahi.co.jp/program/16839-24668/25342
19,19,24668,8,25343,9,相棒 season19 第9話「匿名」,匿名,2020-12-09T00:00:00+09:00,https://douga.tv-asahi.co.jp/program/16839-24668/25343
19,19,24668,9,24743,10,相棒 season19 第10話「超・新生」,超・新生,2020-12-16T00:00:00+09:00,https://douga.tv-asahi.co.jp/program/16839-24668/24743
19,19,24668,10,25507,11,相棒 season19 元日スペシャル　第11話「オマエニツミハ」,オマエニツミハ,2021-01-01T00:00:00+09:00,https://douga.tv-asahi.co.jp/program/16839-24668/25507
19,19,24668,11,25508,12,相棒 season19 第12話「欺し合い」,欺し合い,2021-01-13T00:00:00+09:00,https://douga.tv-asahi.co.jp/program/16839-24668/25508
19,19,24668,12,25509,13,相棒 season19 第13話「死神はまだか」,死神はまだか,2021-01-20T00:00:00+09:00,https://douga.tv-asahi.co.jp/program/16839-24668/25509
19,19,24668,13,25510,14,相棒 season19 第14話「忘れもの」,忘れもの,2021-01-27T00:00:00+09:00,https://douga.tv-asahi.co.jp/program/16839-24668/25510
19,19,24668,14,25511,15,相棒 season19 第15話「薔薇と髭の不運」,薔薇と髭の不運,2021-02-03T00:00:00+09:00,https://douga.tv-asahi.co.jp/program/16839-24668/25511
19,19,24668,15,25676,16,相棒 season19 第16話「人生ゲーム」,人生ゲーム,2021-02-17T00:00:00+09:00,https://douga.tv-asahi.co.jp/program/16839-24668/25676
19,19,24668,16,25677,17,相棒 season19 第17話「右京の眼鏡」,右京の眼鏡,2021-02-24T00:00:00+09:00,https://douga.tv-asahi.co.jp/program/16839-24668/25677
19,19,24668,17,25826,18,相棒 season19 第18話「選ばれし者」,選ばれし者,2021-03-03T00:00:00+09:00,https://douga.tv-asahi.co.jp/program/16839-24668/25826
19,19,24668,18,25704,19,相棒 season19 拡大スペシャル　第19話「暗殺者への招待」,暗殺者への招待,2021-03-10T00:00:00+09:00,https://douga.tv-asahi.co.jp/program/16839-24668/25704
19,19,24668,19,25891,20,相棒 season19 最終回スペシャル　第20話「暗殺者への招待」（後篇）,暗殺者への招待（後篇）,2021-03-17T00:00:00+09:00,https://douga.tv-asahi.co.jp/program/16839-24668/25891
20,20,29370,0,29369,1,相棒 season20 初回拡大スペシャル第1話『復活～口封じの死』,復活～口封じの死,2021-10-13T00:00:00+09:00,https://douga.tv-asahi.co.jp/program/16839-29370/29369
20,20,29370,1,29573,2,相棒 season20 拡大スペシャル第2話『復活～死者の反撃』,復活～死者の反撃,2021-10-20T00:00:00+09:00,https://douga.tv-asahi.co.jp/program/16839-29370/29573
20,20,29370,2,29676,3,相棒 season20 第3話『復活～最終決戦』,復活～最終決戦,2021-10-27T00:00:00+09:00,https://douga.tv-asahi.co.jp/program/16839-29370/29676
20,20,29370,3,29771,4,相棒 season20 第4話『贈る言葉』,贈る言葉,2021-11-03T00:00:00+09:00,https://douga.tv-asahi.co.jp/program/16839-29370/29771
20,20,29370,4,29839,5,相棒 season20 第5話『光射す』,光射す,2021-11-10T00:00:00+09:00,https://douga.tv-asahi.co.jp/program/16839-29370/29839
20,20,29370,5,29969,6,相棒 season20 第6話『マイルール』,マイルール,2021-11-17T00:00:00+09:00,https://douga.tv-asahi.co.jp/program/16839-29370/29969
20,20,29370,6,30139,7,相棒 season20 第7話『かわおとこ』,かわおとこ,2021-11-24T00:00:00+09:00,https://douga.tv-asahi.co.jp/program/16839-29370/30139
20,20,29370,7,30418,8,相棒 season20 第8話『操り人形』,操り人形,2021-12-08T00:00:00+09:00,https://douga.tv-asahi.co.jp/program/16839-29370/30418
20,20,29370,8,30577,9,相棒 season20 第9話『生まれ変わった男』,生まれ変わった男,2021-12-15T00:00:00+09:00,https://douga.tv-asahi.co.jp/program/16839-29370/30577
20,20,29370,9,30760,10,相棒 season20 第10話『紅茶のおいしい喫茶店』,紅茶のおいしい喫茶店,2021-12-22T00:00:00+09:00,https://douga.tv-asahi.co.jp/program/16839-29370/30760
20,20,29370,10,30866,11,相棒 season20 元日スペシャル　第11話『二人』,二人,2022-01-01T00:00:00+09:00,https://douga.tv-asahi.co.jp/program/16839-29370/30866
20,20,29370,11,31000,12,相棒 season20 第12話『お宝探し』,お宝探し,2022-01-19T00:00:00+09:00,https://douga.tv-asahi.co.jp/program/16839-29370/31000
20,20,29370,12,31254,13,相棒 season20 第13話『死者の結婚』,死者の結婚,2022-01-26T00:00:00+09:00,https://douga.tv-asahi.co.jp/program/16839-29370/31254
20,20,29370,13,31388,14,相棒 season20 第14話『ディアボロス』,ディアボロス,2022-02-02T00:00:00+09:00,https://douga.tv-asahi.co.jp/program/16839-29370/31388
20,20,29370,14,31499,15,相棒 season20 第15話『食わせもの』,食わせもの,2022-02-09T00:00:00+09:00,https://douga.tv-asahi.co.jp/program/16839-29370/31499
20,20,29370,15,31697,16,相棒 season20 第16話『ある晴れた日の殺人』,ある晴れた日の殺人,2022-02-23T00:00:00+09:00,https://douga.tv-asahi.co.jp/program/16839-29370/31697
20,20,29370,16,31853,17,相棒 season20 第17話『米沢守再びの事件』,米沢守再びの事件,2022-03-02T00:00:00+09:00,https://douga.tv-asahi.co.jp/program/16839-29370/31853
20,20,29370,17,32203,18,相棒 season20 第18話『詩集を売る女』,詩集を売る女,2022-03-09T00:00:00+09:00,https://douga.tv-asahi.co.jp/program/16839-29370/32203
20,20,29370,18,32391,19,相棒 season20 最終回スペシャル前篇　第19話『冠城亘最後の事件―仇敵』,冠城亘最後の事件―仇敵,2022-03-16T00:00:00+09:00,https://douga.tv-asahi.co.jp/program/16839-29370/32391
20,20,29370,19,32511,20,相棒 season20 最終回スペシャル　第20話『冠城亘最後の事件―特命係との別離』,冠城亘最後の事件―特命係との別離,2022-03-23T00:00:00+09:00,https://douga.tv-asahi.co.jp/program/16839-29370/32511
21,21,35642,0,36140,1,相棒 season21 初回拡大スペシャル 第1話「ペルソナ・ノン・グラータ～殺人招待状」,ペルソナ・ノン・グラータ～殺人招待状,2022-10-12T00:00:00+09:00,https://douga.tv-asahi.co.jp/program/16839-35642/36140
21,21,35642,1,36329,2,相棒 season21 拡大スペシャル　第2話「ペルソナ・ノン・グラータ～二重の陰謀」,ペルソナ・ノン・グラータ～二重の陰謀,2022-10-19T00:00:00+09:00,https://douga.tv-asahi.co.jp/program/16839-35642/36329
21,21,35642,2,36509,3,相棒 season21 第3話「逃亡者 亀山薫」,逃亡者 亀山薫,2022-10-26T00:00:00+09:00,https://douga.tv-asahi.co.jp/program/16839-35642/36509
21,21,35642,3,36643,4,相棒 season21 第4話「最後の晩餐」,最後の晩餐,2022-11-02T00:00:00+09:00,https://douga.tv-asahi.co.jp/program/16839-35642/36643
21,21,35642,4,36723,5,相棒 season21 第5話「眠る爆弾」,眠る爆弾,2022-11-09T00:00:00+09:00,https://douga.tv-asahi.co.jp/program/16839-35642/36723
21,21,35642,5,36823,6,相棒 season21 第6話「笑う死体」,笑う死体,2022-11-16T00:00:00+09:00,https://douga.tv-asahi.co.jp/program/16839-35642/36823
21,21,35642,6,36988,7,相棒 season21 第7話「砂の記憶」,砂の記憶,2022-11-30T00:00:00+09:00,https://douga.tv-asahi.co.jp/program/16839-35642/36988
21,21,35642,7,37267,8,相棒 season21 第8話「コイノイタミ」,コイノイタミ,2022-12-07T00:00:00+09:00,https://douga.tv-asahi.co.jp/program/16839-35642/37267
21,21,35642,8,37402,9,相棒 season21 第9話「丑三つのキョウコ」,丑三つのキョウコ,2022-12-14T00:00:00+09:00,https://douga.tv-asahi.co.jp/program/16839-35642/37402
21,21,35642,9,37550,10,相棒 season21 第10話「黒いコートの女」,黒いコートの女,2022-12-21T00:00:00+09:00,https://douga.tv-asahi.co.jp/program/16839-35642/37550
21,21,35642,10,37711,11,相棒 season21 元日スペシャル 第11話「大金塊」,大金塊,2023-01-01T00:00:00+09:00,https://douga.tv-asahi.co.jp/program/16839-35642/37711
21,21,35642,11,37846,12,相棒 season21 第12話「他人連れ」,他人連れ,2023-01-11T00:00:00+09:00,https://douga.tv-asahi.co.jp/program/16839-35642/37846
21,21,35642,12,37948,13,相棒 season21 第13話「椿二輪」,椿二輪,2023-01-18T00:00:00+09:00,https://douga.tv-asahi.co.jp/program/16839-35642/37948
21,21,35642,13,38086,14,相棒 season21 第14話「まばたきの叫び」,まばたきの叫び,2023-01-25T00:00:00+09:00,https://douga.tv-asahi.co.jp/program/16839-35642/38086
21,21,35642,14,38198,15,相棒 season21 第15話「薔薇と髭と菫たち」,薔薇と髭と菫たち,2023-02-01T00:00:00+09:00,https://douga.tv-asahi.co.jp/program/16839-35642/38198
21,21,35642,15,38338,16,相棒 season21 第16話「女神」,女神,2023-02-08T00:00:00+09:00,https://douga.tv-asahi.co.jp/program/16839-35642/38338
21,21,35642,16,38454,17,相棒 season21 第17話「定点写真」,定点写真,2023-02-15T00:00:00+09:00,https://douga.tv-asahi.co.jp/program/16839-35642/38454
21,21,35642,17,38633,18,相棒 season21 第18話「悪役」,悪役,2023-02-22T00:00:00+09:00,https://douga.tv-asahi.co.jp/program/16839-35642/38633
21,21,35642,18,38791,19,相棒 season21 第19話「再会」,再会,2023-03-01T00:00:00+09:00,https://douga.tv-asahi.co.jp/program/16839-35642/38791
21,21,35642,19,38951,20,相棒 season21 最終回スペシャル前篇 第20話「13～死者の身代金」,13～死者の身代金,2023-03-08T00:00:00+09:00,https://douga.tv-asahi.co.jp/program/16839-35642/38951
21,21,35642,20,39133,21,相棒 season21 最終回スペシャル 第21話「13～隠された真実」,13～隠された真実,2023-03-15T00:00:00+09:00,https://douga.tv-asahi.co.jp/program/16839-35642/39133
